CustomerID,Name,Region,JoinDate,SpendingScore,TierLevel,DefaultPaymentType
1000,Robert Gomez,West,2/25/2024,75,Gold,Credit/Debit
1001,John Silva,East,12/1/2020,100,Diamond,ACH
1002,Mark Marshall,Central,8/8/2020,75,Gold,Cash
1003,David Brennan,North,5/21/2020,44,Silver,ACH
1004,Kerry Collins,North,9/12/2023,40,Silver,Credit/Debit
1005,Jessica Mora,South,8/5/2021,89,Platinum,Credit/Debit
1006,Hannah Ray,West,7/3/2021,66,Gold,Credit/Debit
1007,David Kim,West,5/20/2020,69,Gold,Credit/Debit
1008,William Ramirez,EAST,9/15/2023,69,Gold,Credit/Debit
1009,Zachary Bell Jr.,East,4/20/2023,61,Gold,ACH
1010,Mike Davis,East,3/23/2022,52,Silver,ACH
1011,Amanda Myers,West,9/5/2021,32,Silver,Cash
1012,Tara Miller,North,8/10/2020,21,Silver,Cash
1013,Alyssa Morgan,North,7/22/2022,47,Silver,ACH
1014,Cindy Woods,East,4/2/2024,49,Silver,Digital
1015,Jennifer Rodgers,North,2/12/2023,50,Silver,ACH
1016,Andrea Roberts,EAST,5/16/2021,35,Silver,ACH
1017,Brittney Burnett,North,7/3/2020,90,Platinum,Cash
1018,Edwin Garrison,south-west,8/31/2020,75,Gold,Cash
1019,Michelle Torres,Central,11/18/2020,92,Diamond,ACH
1020,Michelle Brewer,East,7/14/2021,55,Gold,Cash
1021,Aaron Burnett,South,2/13/2024,88,Platinum,Debit/Credit
1022,Austin Gutierrez,EAST,11/25/2021,47,Silver,Credit/Debit
1023,Dustin Medina,east,6/14/2021,20,Silver,ACH
1024,Andres Avila,Central,9/19/2022,99,Platinum,ACH
1025,Garrett Lewis,South,8/4/2023,70,Gold,ACH
1026,Gary Walls,North,10/5/2023,80,Platinum,Credit/Debit
1027,Anthony Schroeder,east,10/4/2020,50,Silver,Cash
1028,Haley Wagner,West,11/3/2023,12,Silver,Credit/Debit
1029,Gina Powers,West,10/26/2022,100,Platinum,Credit/Debit
1030,Alice Robinson,EAST,8/6/2021,75,Gold,Credit/Debit
1031,Jessica Frazier,West,10/20/2021,99,Diamond,Credit/Debit
1032,Terri Long,east,10/23/2022,55,Gold,Credit/Debit
1033,Paul Perkins,east,3/16/2022,92,Platinum,Credit/Debit
1034,Heather Smith,Central,9/16/2022,62,Gold,ACH
1035,Lorraine Rodriguez,East,9/26/2022,94,Platinum,ACH
1036,Robert Bishop,south-west,9/14/2020,28,Silver,Cash
1037,Lisa Sanders,West,6/3/2020,100,Platinum,Cash
1038,Jason Ford,EAST,10/9/2023,51,Gold,ACH
1039,Brandy Good,West,5/21/2023,50,Silver,Cash
1040,Angel Lee,Central,4/8/2022,89,Platinum,ACH
1041,David Beltran,east,1/18/2021,61,Gold,ACH
1042,Christopher Dodson,North,10/30/2023,70,Gold,Cash
1043,Eric Pena,West,6/30/2022,82,Platinum,ACH
1044,Anita Huerta,East,4/8/2022,11,Silver,Credit/Debit
1045,Dr. Susan Bailey,North,10/2/2020,47,Silver,Cash
1046,Tyler Colon,Central,3/3/2021,85,Platinum,Credit/Debit
1047,Ashley Pearson,West,10/4/2020,5,Silver,ACH
1048,Dr. Donald Proctor,North,3/17/2024,95,Diamond,Credit/Debit
1049,Rebecca Jordan,West,10/8/2022,79,Gold,ACH
1050,Jeffrey Mclaughlin,EAST,3/28/2022,90,Platinum,Credit/Debit
1051,Amy Nguyen,Central,2/13/2024,71,Gold,Digital
1052,Brandon Hinton,south-west,11/10/2022,99,Platinum,Credit/Debit
1053,Benjamin Cline,east,1/25/2022,24,Silver,Credit/Debit
1054,Laura Mcdonald,South,12/3/2022,49,Silver,Cash
1055,William Benitez,east,11/4/2020,89,Platinum,Credit/Debit
1056,Kristina Wilson,east,5/15/2023,25,Silver,Cash
1057,Kathy Hall,North,10/27/2023,77,Platinum,ACH
1058,Steven Jackson,Central,6/26/2020,4,Silver,ACH
1059,Steve Massey,West,8/6/2020,90,Platinum,Credit/Debit
1060,Mr. Christopher Thompson,South,4/10/2023,75,Gold,ACH
1061,Taylor Kaufman,North,7/23/2021,89,Platinum,Credit/Debit
1062,Ashley Harmon,South,2/13/2024,15,Silver,Digital
1063,Howard Case,south-west,2/15/2021,41,Silver,Credit/Debit
1064,Joshua Cline,EAST,2/19/2024,60,Gold,Digital
1065,Daniel Adams,Central,7/2/2023,90,Platinum,ACH
1066,Derrick Myers,North,4/6/2022,10,Silver,Credit/Debit
1067,Lawrence Pearson,east,4/29/2023,42,Silver,ACH
1068,Melissa Gutierrez,East,12/25/2023,42,Silver,ACH
1069,Virginia Warren,North,8/24/2023,36,Silver,Credit/Debit
1070,Brittany Johnson,East,6/4/2021,70,Gold,ACH
1071,Christopher Frost,east,8/21/2020,80,Platinum,Credit/Debit
1072,Shannon Schmitt,EAST,8/23/2022,89,Platinum,Credit/Debit
1073,Matthew Clark,Central,8/21/2023,75,Gold,Cash
1074,Alyssa Evans,West,10/27/2021,50,Silver,Credit/Debit
1075,Joseph Chavez,North,1/1/2023,50,Silver,ACH
1076,Glenn Shelton,east,5/1/2024,45,Silver,Digital
1077,Amy Espinoza,North,5/29/2021,92,Platinum,Credit/Debit
1078,Danielle Fuller,south-west,12/8/2023,50,Gold,ACH
1079,Zachary Thompson MD,EAST,9/5/2022,100,Platinum,Credit/Debit
1080,Thomas Parker,south-west,2/28/2023,15,Silver,ACH
1081,Ryan White,South,9/4/2020,66,Gold,Credit/Debit
1082,Connor Martin,Central,1/5/2023,76,Gold,ACH
1083,Jacqueline Bishop,South,6/5/2020,80,Gold,Cash
1084,Martha Mccall,North,5/31/2022,99,Platinum,Credit/Debit
1085,Steven Wright,Central,8/22/2021,97,Platinum,Cash
1086,Robert Rodriguez,EAST,3/1/2023,58,Silver,Credit/Debit
1087,Carla Tran,EAST,7/22/2020,77,Gold,Cash
1088,Lindsay Torres,east,12/30/2021,63,Silver,ACH
1089,Matthew Hernandez,North,4/12/2023,55,Silver,ACH
1090,Nicholas Dunlap,South,10/11/2020,12,Silver,Cash
1091,Brianna Thomas,south-west,5/23/2023,79,Gold,ACH
1092,Timothy Hill,West,9/7/2023,78,Diamond,Credit/Debit
1093,Christian Medina,East,2/4/2023,32,Silver,ACH
1094,Robert Jones,West,11/18/2023,100,Platinum,ACH
1095,Dr. Jason Scott,South,4/7/2021,92,Platinum,Credit/Debit
1096,Patricia Rogers,South,1/10/2024,62,Gold,Debit/Credit
1097,Laura Jones,EAST,12/7/2023,57,Silver,ACH
1098,Jeffrey Maxwell,West,1/27/2022,97,Platinum,Credit/Debit
1099,Lori Howard,EAST,2/27/2021,25,Silver,Credit/Debit
1100,Michael Simon,EAST,12/27/2020,100,Platinum,Credit/Debit
1101,Ryan Martin,south-west,11/14/2020,66,Gold,Credit/Debit
1102,Robert Hansen,Central,11/19/2022,99,Platinum,Credit/Debit
1103,Megan Chandler,East,6/25/2023,32,Silver,ACH
1104,David Herrera,West,4/1/2021,89,Diamond,ACH
1105,Taylor Clarke,Central,3/11/2023,42,Silver,Credit/Debit
1106,Jennifer Ewing,east,5/16/2023,79,Gold,ACH
1107,Emily Hoffman,West,6/9/2023,93,Platinum,Credit/Debit
1108,Sharon Bautista,Central,7/31/2022,55,Silver,ACH
1109,Aaron Garcia,EAST,7/31/2023,55,Gold,ACH
1110,Melissa Grimes,South,3/14/2024,32,Silver,Debit/Credit
1111,Ronald Chavez,south-west,6/24/2021,89,Diamond,Credit/Debit
1112,Joseph Flores,East,4/3/2021,24,Silver,ACH
1113,Louis Jones,Central,7/4/2021,59,Gold,Credit/Debit
1114,Grace Price,South,3/25/2022,69,Gold,ACH
1115,Gina Banks,West,9/16/2023,90,Platinum,Cash
1116,Melissa Rivera,Central,10/25/2021,14,Silver,Cash
1117,Amanda Lang,North,4/14/2024,90,Platinum,Credit/Debit
1118,Briana Alvarado,South,3/18/2022,57,Gold,ACH
1119,Cameron Hernandez,east,8/8/2022,99,Platinum,ACH
1120,Daniel Meyer,South,3/15/2024,68,Silver,Debit/Credit
1121,Stephanie Garrison,East,8/21/2020,79,Gold,ACH
1122,Christopher Martinez,east,10/7/2021,98,Platinum,Credit/Debit
1123,Colleen Greene,south-west,8/21/2022,19,Silver,ACH
1124,Megan Novak,East,12/19/2022,78,Diamond,Credit/Debit
1125,Debbie Andrews,West,5/22/2021,42,Silver,Credit/Debit
1126,Lee Luna,east,1/19/2021,91,Platinum,Cash
1127,George Edwards,Central,5/12/2023,79,Gold,ACH
1128,Vincent Day,North,7/3/2022,74,Gold,ACH
1129,Karina Jones,East,11/5/2023,90,Platinum,Credit/Debit
1130,Mary Sandoval,North,10/6/2020,80,Gold,ACH
1131,Mark Gomez,West,6/11/2020,22,Silver,Cash
1132,Scott Winters,West,9/20/2022,90,Diamond,Cash
1133,Victor Wagner,south-west,6/12/2021,90,Platinum,ACH
1134,Joseph Aguilar,West,12/5/2023,77,Gold,Credit/Debit
1135,Christopher Chen,South,9/10/2023,97,Platinum,Cash
1136,Scott Hernandez,South,2/9/2024,45,Silver,Digital
1137,Jessica Harmon,south-west,11/5/2022,32,Silver,Cash
1138,Bonnie Stewart,South,4/19/2022,85,Silver,Credit/Debit
1139,Heather Olson,Central,4/20/2021,11,Silver,ACH
1140,Carla Flores,EAST,9/30/2020,99,Platinum,ACH
1141,David Palmer,North,9/16/2022,69,Gold,Credit/Debit
1142,Marvin Hamilton,North,4/23/2022,100,Diamond,ACH
1143,Miss Chelsea Castro DDS,Central,2/23/2021,95,Platinum,Cash
1144,Brian Browning,EAST,5/3/2023,41,Silver,Credit/Debit
1145,Stephanie Powell,east,2/3/2023,64,Gold,ACH
1146,Jonathan Andrade,south-west,6/7/2020,74,Gold,Credit/Debit
1147,William Palmer,south-west,8/14/2023,26,Silver,Cash
1148,Dean Allison,West,6/23/2021,94,Platinum,Credit/Debit
1149,Jordan Elliott,North,5/13/2020,52,Gold,ACH
1150,Bobby Hunter,North,12/6/2020,36,Silver,ACH
1151,Sabrina Lester,West,7/16/2022,46,Silver,ACH
1152,Thomas Garcia,east,9/14/2022,61,Silver,Credit/Debit
1153,Michelle Martinez,East,7/31/2023,13,Silver,Credit/Debit
1154,Edward Castillo,North,10/1/2020,97,Platinum,Credit/Debit
1155,Rachel Goodman,North,4/10/2023,20,Silver,Credit/Debit
1156,Dennis Acevedo,East,6/18/2023,8,Silver,ACH
1157,Cheryl Wu,West,12/10/2021,89,Gold,ACH
1158,Kelly Gallagher,East,3/2/2024,88,Diamond,Debit/Credit
1159,Kelli Smith,North,1/28/2022,27,Silver,ACH
1160,Phillip Soto,West,4/21/2023,37,Silver,Credit/Debit
1161,David Ellis,East,1/2/2023,79,Gold,Cash
1162,Deborah Rice,east,1/14/2022,69,Gold,ACH
1163,Elizabeth Vaughn,West,5/1/2023,62,Silver,Credit/Debit
1164,William Ramsey,North,5/4/2023,36,Silver,ACH
1165,Richard Burnett,Central,7/24/2022,18,Silver,Credit/Debit
1166,David Mccullough,south-west,12/15/2021,65,Gold,ACH
1167,Terry Frederick,North,12/20/2021,19,Diamond,Credit/Debit
1168,Denise Gonzales,South,5/2/2022,30,Silver,Credit/Debit
1169,Michael Edwards,south-west,9/26/2023,55,Gold,Credit/Debit
1170,Eric Davis,North,10/15/2023,99,Platinum,ACH
1171,Ronald Marquez,south-west,4/21/2024,40,Silver,Credit/Debit
1172,Eric Barr,EAST,2/1/2023,95,Platinum,ACH
1173,David King MD,North,9/14/2022,40,Silver,Credit/Debit
1174,Deborah Saunders,West,12/25/2021,96,Platinum,ACH
1175,Teresa Lopez,West,10/20/2021,90,Diamond,ACH
1176,Ashley Williams,EAST,11/24/2021,96,Platinum,Credit/Debit
1177,Katherine West,east,11/1/2020,74,Gold,ACH
1178,Katherine Kerr,EAST,11/13/2020,55,Silver,Cash
1179,Desiree Miller,EAST,12/21/2021,90,Platinum,Credit/Debit
1180,Jennifer Smith,south-west,10/3/2020,79,Gold,ACH
1181,Tiffany Smith,East,4/7/2024,97,Gold,Digital
1182,James Gray,West,7/24/2020,85,Gold,Credit/Debit
1183,Kenneth Graves,East,5/8/2020,77,Gold,Credit/Debit
1184,Brittney Chen,EAST,7/20/2023,98,Diamond,ACH
1185,Cameron Levine,east,7/26/2021,92,Platinum,Credit/Debit
1186,Timothy Williams,West,9/28/2021,33,Silver,Credit/Debit
1187,Kayla Solomon,North,6/10/2022,92,Platinum,Credit/Debit
1188,Ashley Todd,North,9/4/2023,31,Silver,ACH
1189,Jennifer Farrell,North,11/18/2022,30,Silver,Credit/Debit
1190,Elizabeth Robinson,south-west,12/27/2023,31,Gold,ACH
1191,Kyle Smith Jr.,South,10/31/2023,25,Gold,Credit/Debit
1192,Gregory Medina,EAST,6/6/2020,97,Platinum,ACH
1193,Nancy King,South,5/23/2022,45,Silver,Cash
1194,Casey Brown,Central,2/9/2024,40,Silver,Digital
1195,Michael Lee,south-west,8/22/2023,91,Platinum,Credit/Debit
1196,Dr. Elizabeth Johnston DDS,North,2/9/2022,80,Gold,ACH
1197,William Wilson,West,4/4/2023,90,Platinum,ACH
1198,Chris Allen,south-west,10/11/2022,75,Gold,Cash
1199,James Cooley,West,7/23/2020,90,Platinum,ACH
1005,Jessica Mora,South,8/5/2021,94,Platinum,ACH
